Name,Content
Molly Moss,WHO’s Executive Board meeting sets the tone for a big year in global health
Molly Moss,WHO’s Executive Board meeting sets the tone for a big year in global health
Megan Rabbitt,Denia Brielle Smith: What It Means to Leave No One Behind in the United States
Megan Rabbitt,Denia Brielle Smith: What It Means to Leave No One Behind in the United States
MJ Altman,"Biodiversity Explained: Facts, Myths, and the Race to Protect It"
MJ Altman,"Biodiversity Explained: Facts, Myths, and the Race to Protect It"
Megan Roberts,5 Global Issues to Watch in 2023
Megan Roberts,5 Global Issues to Watch in 2023
Inés Yábar,2022 in Review: Young Leaders Are Designing their Own Futures
Inés Yábar,2022 in Review: Young Leaders Are Designing their Own Futures
Sia Nowrojee,"Gender Equality in 2022: The Best, the Worst, the Most Surprising, and Most Ridiculous"
Sia Nowrojee,"Gender Equality in 2022: The Best, the Worst, the Most Surprising, and Most Ridiculous"
Kate Dodson,2022 in Review: A Push for Global Health Progress As COVID-19 Focus Slips
Kate Dodson,2022 in Review: A Push for Global Health Progress As COVID-19 Focus Slips
UN Foundation Climate and Environment Experts,"Climate Issues to Watch in 2023: Toward COP 28 and Faster, More Urgent Climate Action"
UN Foundation Climate and Environment Experts,"Climate Issues to Watch in 2023: Toward COP 28 and Faster, More Urgent Climate Action"
Anthony Pipa,New commitments and partnerships to accelerate SDG progress in the United States
Anthony Pipa,New commitments and partnerships to accelerate SDG progress in the United States
MJ Altman,A City Rising: How Phoenix Is Harnessing the Power of SDG 17
MJ Altman,A City Rising: How Phoenix Is Harnessing the Power of SDG 17
